run_name	region	fold	horizon_idx	seed	status	elapsed_s	final_test_auc	final_test_acc	final_val_auc	final_val_acc	test_gen_auc_avg	test_gen_acc_avg	val_gen_auc_avg	val_gen_acc_avg	val_condition_gap_auc	best_score	cfg_json
anchor_eeg__s0__h0	RT	M238	0	0	ok	1015.2000	0.8722	0.8008	0.5274	0.5658	0.8699	0.7744	0.6016	0.5724	0.1475	0.6016	{"augment": true, "aux_ce_weight": 2.0, "aux_fm_weight": 10.0, "base_ch": 64, "cond_drop_prob": 0.15, "cross_mouse_mixup": true, "depth": 4, "epochs": 300, "eps_weight": 0.25, "eval_every": 20, "eval_gen_samples": 4, "eval_guidance_scale": 2.0, "eval_steps": 50, "final_eval_samples": 16, "include_emg": false, "include_photometry": false, "mixup_prob": 0.5, "mouse_adv_lambda_grl": 1.0, "mouse_adv_weight": 0.5, "norm_mode": "global", "past_ce_weight": 1.0, "past_encoder_depth": 3, "past_self_attn_layers": 2, "run_name": "anchor_eeg", "select_best_by": "val_gen_auc_avg", "t_aux_max": 900, "t_aux_min": 100, "time_dim": 256, "token_dim": 256}
anchor_eeg__s1__h0	RT	M238	0	1	ok	1056.1000	0.8505	0.5188	0.6510	0.5197	0.8026	0.5451	0.6312	0.5395	0.0109	0.6312	{"augment": true, "aux_ce_weight": 2.0, "aux_fm_weight": 10.0, "base_ch": 64, "cond_drop_prob": 0.15, "cross_mouse_mixup": true, "depth": 4, "epochs": 300, "eps_weight": 0.25, "eval_every": 20, "eval_gen_samples": 4, "eval_guidance_scale": 2.0, "eval_steps": 50, "final_eval_samples": 16, "include_emg": false, "include_photometry": false, "mixup_prob": 0.5, "mouse_adv_lambda_grl": 1.0, "mouse_adv_weight": 0.5, "norm_mode": "global", "past_ce_weight": 1.0, "past_encoder_depth": 3, "past_self_attn_layers": 2, "run_name": "anchor_eeg", "select_best_by": "val_gen_auc_avg", "t_aux_max": 900, "t_aux_min": 100, "time_dim": 256, "token_dim": 256}
anchor_eeg__s2__h0	RT	M238	0	2	ok	1073.0000	0.8839	0.6504	0.6155	0.5789	0.8329	0.6466	0.6624	0.6250	0.0519	0.6624	{"augment": true, "aux_ce_weight": 2.0, "aux_fm_weight": 10.0, "base_ch": 64, "cond_drop_prob": 0.15, "cross_mouse_mixup": true, "depth": 4, "epochs": 300, "eps_weight": 0.25, "eval_every": 20, "eval_gen_samples": 4, "eval_guidance_scale": 2.0, "eval_steps": 50, "final_eval_samples": 16, "include_emg": false, "include_photometry": false, "mixup_prob": 0.5, "mouse_adv_lambda_grl": 1.0, "mouse_adv_weight": 0.5, "norm_mode": "global", "past_ce_weight": 1.0, "past_encoder_depth": 3, "past_self_attn_layers": 2, "run_name": "anchor_eeg", "select_best_by": "val_gen_auc_avg", "t_aux_max": 900, "t_aux_min": 100, "time_dim": 256, "token_dim": 256}
anchor_eeg__s3__h0	RT	M238	0	3	ok	1057.1000	0.8791	0.6353	0.6186	0.5855	0.8462	0.6353	0.6444	0.5987	-0.0140	0.6444	{"augment": true, "aux_ce_weight": 2.0, "aux_fm_weight": 10.0, "base_ch": 64, "cond_drop_prob": 0.15, "cross_mouse_mixup": true, "depth": 4, "epochs": 300, "eps_weight": 0.25, "eval_every": 20, "eval_gen_samples": 4, "eval_guidance_scale": 2.0, "eval_steps": 50, "final_eval_samples": 16, "include_emg": false, "include_photometry": false, "mixup_prob": 0.5, "mouse_adv_lambda_grl": 1.0, "mouse_adv_weight": 0.5, "norm_mode": "global", "past_ce_weight": 1.0, "past_encoder_depth": 3, "past_self_attn_layers": 2, "run_name": "anchor_eeg", "select_best_by": "val_gen_auc_avg", "t_aux_max": 900, "t_aux_min": 100, "time_dim": 256, "token_dim": 256}
anchor_eeg__s4__h0	RT	M238	0	4	ok	1261.1000	0.8835	0.6805	0.6195	0.5789	0.8462	0.6805	0.5940	0.5395	-0.0208	0.5940	{"augment": true, "aux_ce_weight": 2.0, "aux_fm_weight": 10.0, "base_ch": 64, "cond_drop_prob": 0.15, "cross_mouse_mixup": true, "depth": 4, "epochs": 300, "eps_weight": 0.25, "eval_every": 20, "eval_gen_samples": 4, "eval_guidance_scale": 2.0, "eval_steps": 50, "final_eval_samples": 16, "include_emg": false, "include_photometry": false, "mixup_prob": 0.5, "mouse_adv_lambda_grl": 1.0, "mouse_adv_weight": 0.5, "norm_mode": "global", "past_ce_weight": 1.0, "past_encoder_depth": 3, "past_self_attn_layers": 2, "run_name": "anchor_eeg", "select_best_by": "val_gen_auc_avg", "t_aux_max": 900, "t_aux_min": 100, "time_dim": 256, "token_dim": 256}
anchor_eeg__s0__h1	RT	M238	1	0	ok	1386.7000	0.8341	0.5000	0.6962	0.5000	0.7635	0.5038	0.6359	0.5000	-0.0225	0.6359	{"augment": true, "aux_ce_weight": 2.0, "aux_fm_weight": 10.0, "base_ch": 64, "cond_drop_prob": 0.15, "cross_mouse_mixup": true, "depth": 4, "epochs": 300, "eps_weight": 0.25, "eval_every": 20, "eval_gen_samples": 4, "eval_guidance_scale": 2.0, "eval_steps": 50, "final_eval_samples": 16, "include_emg": false, "include_photometry": false, "mixup_prob": 0.5, "mouse_adv_lambda_grl": 1.0, "mouse_adv_weight": 0.5, "norm_mode": "global", "past_ce_weight": 1.0, "past_encoder_depth": 3, "past_self_attn_layers": 2, "run_name": "anchor_eeg", "select_best_by": "val_gen_auc_avg", "t_aux_max": 900, "t_aux_min": 100, "time_dim": 256, "token_dim": 256}
anchor_eeg__s1__h1	RT	M238	1	1	ok	1245.2000	0.8205	0.7632	0.6065	0.5658	0.7925	0.7519	0.6736	0.5789	0.0886	0.6736	{"augment": true, "aux_ce_weight": 2.0, "aux_fm_weight": 10.0, "base_ch": 64, "cond_drop_prob": 0.15, "cross_mouse_mixup": true, "depth": 4, "epochs": 300, "eps_weight": 0.25, "eval_every": 20, "eval_gen_samples": 4, "eval_guidance_scale": 2.0, "eval_steps": 50, "final_eval_samples": 16, "include_emg": false, "include_photometry": false, "mixup_prob": 0.5, "mouse_adv_lambda_grl": 1.0, "mouse_adv_weight": 0.5, "norm_mode": "global", "past_ce_weight": 1.0, "past_encoder_depth": 3, "past_self_attn_layers": 2, "run_name": "anchor_eeg", "select_best_by": "val_gen_auc_avg", "t_aux_max": 900, "t_aux_min": 100, "time_dim": 256, "token_dim": 256}
anchor_eeg__s2__h1	RT	M238	1	2	ok	1463.0000	0.8744	0.7481	0.6821	0.5658	0.8533	0.7256	0.6846	0.6184	0.0916	0.6846	{"augment": true, "aux_ce_weight": 2.0, "aux_fm_weight": 10.0, "base_ch": 64, "cond_drop_prob": 0.15, "cross_mouse_mixup": true, "depth": 4, "epochs": 300, "eps_weight": 0.25, "eval_every": 20, "eval_gen_samples": 4, "eval_guidance_scale": 2.0, "eval_steps": 50, "final_eval_samples": 16, "include_emg": false, "include_photometry": false, "mixup_prob": 0.5, "mouse_adv_lambda_grl": 1.0, "mouse_adv_weight": 0.5, "norm_mode": "global", "past_ce_weight": 1.0, "past_encoder_depth": 3, "past_self_attn_layers": 2, "run_name": "anchor_eeg", "select_best_by": "val_gen_auc_avg", "t_aux_max": 900, "t_aux_min": 100, "time_dim": 256, "token_dim": 256}
anchor_eeg__s3__h1	RT	M238	1	3	ok	1574.5000	0.8369	0.5000	0.7008	0.5132	0.8057	0.5113	0.6762	0.5263	-0.0675	0.6762	{"augment": true, "aux_ce_weight": 2.0, "aux_fm_weight": 10.0, "base_ch": 64, "cond_drop_prob": 0.15, "cross_mouse_mixup": true, "depth": 4, "epochs": 300, "eps_weight": 0.25, "eval_every": 20, "eval_gen_samples": 4, "eval_guidance_scale": 2.0, "eval_steps": 50, "final_eval_samples": 16, "include_emg": false, "include_photometry": false, "mixup_prob": 0.5, "mouse_adv_lambda_grl": 1.0, "mouse_adv_weight": 0.5, "norm_mode": "global", "past_ce_weight": 1.0, "past_encoder_depth": 3, "past_self_attn_layers": 2, "run_name": "anchor_eeg", "select_best_by": "val_gen_auc_avg", "t_aux_max": 900, "t_aux_min": 100, "time_dim": 256, "token_dim": 256}
anchor_eeg__s4__h1	RT	M238	1	4	ok	1168.9000	0.8557	0.5226	0.7131	0.5921	0.8028	0.5414	0.6224	0.5526	0.0310	0.6224	{"augment": true, "aux_ce_weight": 2.0, "aux_fm_weight": 10.0, "base_ch": 64, "cond_drop_prob": 0.15, "cross_mouse_mixup": true, "depth": 4, "epochs": 300, "eps_weight": 0.25, "eval_every": 20, "eval_gen_samples": 4, "eval_guidance_scale": 2.0, "eval_steps": 50, "final_eval_samples": 16, "include_emg": false, "include_photometry": false, "mixup_prob": 0.5, "mouse_adv_lambda_grl": 1.0, "mouse_adv_weight": 0.5, "norm_mode": "global", "past_ce_weight": 1.0, "past_encoder_depth": 3, "past_self_attn_layers": 2, "run_name": "anchor_eeg", "select_best_by": "val_gen_auc_avg", "t_aux_max": 900, "t_aux_min": 100, "time_dim": 256, "token_dim": 256}
anchor_eeg__s0__h2	RT	M238	2	0	ok	1722.1000	0.7738	0.7068	0.6099	0.6184	0.7798	0.6955	0.6832	0.6316	0.0862	0.6832	{"augment": true, "aux_ce_weight": 2.0, "aux_fm_weight": 10.0, "base_ch": 64, "cond_drop_prob": 0.15, "cross_mouse_mixup": true, "depth": 4, "epochs": 300, "eps_weight": 0.25, "eval_every": 20, "eval_gen_samples": 4, "eval_guidance_scale": 2.0, "eval_steps": 50, "final_eval_samples": 16, "include_emg": false, "include_photometry": false, "mixup_prob": 0.5, "mouse_adv_lambda_grl": 1.0, "mouse_adv_weight": 0.5, "norm_mode": "global", "past_ce_weight": 1.0, "past_encoder_depth": 3, "past_self_attn_layers": 2, "run_name": "anchor_eeg", "select_best_by": "val_gen_auc_avg", "t_aux_max": 900, "t_aux_min": 100, "time_dim": 256, "token_dim": 256}
anchor_eeg__s1__h2	RT	M238	2	1	ok	2325.3000	0.8471	0.7256	0.6099	0.5987	0.8088	0.7331	0.6582	0.5855	0.0667	0.6582	{"augment": true, "aux_ce_weight": 2.0, "aux_fm_weight": 10.0, "base_ch": 64, "cond_drop_prob": 0.15, "cross_mouse_mixup": true, "depth": 4, "epochs": 300, "eps_weight": 0.25, "eval_every": 20, "eval_gen_samples": 4, "eval_guidance_scale": 2.0, "eval_steps": 50, "final_eval_samples": 16, "include_emg": false, "include_photometry": false, "mixup_prob": 0.5, "mouse_adv_lambda_grl": 1.0, "mouse_adv_weight": 0.5, "norm_mode": "global", "past_ce_weight": 1.0, "past_encoder_depth": 3, "past_self_attn_layers": 2, "run_name": "anchor_eeg", "select_best_by": "val_gen_auc_avg", "t_aux_max": 900, "t_aux_min": 100, "time_dim": 256, "token_dim": 256}
anchor_eeg__s2__h2	RT	M238	2	2	ok	3672.7000	0.8456	0.5714	0.6825	0.6250	0.8040	0.5714	0.6733	0.6645	-0.0885	0.6733	{"augment": true, "aux_ce_weight": 2.0, "aux_fm_weight": 10.0, "base_ch": 64, "cond_drop_prob": 0.15, "cross_mouse_mixup": true, "depth": 4, "epochs": 300, "eps_weight": 0.25, "eval_every": 20, "eval_gen_samples": 4, "eval_guidance_scale": 2.0, "eval_steps": 50, "final_eval_samples": 16, "include_emg": false, "include_photometry": false, "mixup_prob": 0.5, "mouse_adv_lambda_grl": 1.0, "mouse_adv_weight": 0.5, "norm_mode": "global", "past_ce_weight": 1.0, "past_encoder_depth": 3, "past_self_attn_layers": 2, "run_name": "anchor_eeg", "select_best_by": "val_gen_auc_avg", "t_aux_max": 900, "t_aux_min": 100, "time_dim": 256, "token_dim": 256}
anchor_eeg__s3__h2	RT	M238	2	3	ok	3770.9000	0.8590	0.6015	0.6459	0.5855	0.8012	0.5902	0.7114	0.6316	0.0670	0.7114	{"augment": true, "aux_ce_weight": 2.0, "aux_fm_weight": 10.0, "base_ch": 64, "cond_drop_prob": 0.15, "cross_mouse_mixup": true, "depth": 4, "epochs": 300, "eps_weight": 0.25, "eval_every": 20, "eval_gen_samples": 4, "eval_guidance_scale": 2.0, "eval_steps": 50, "final_eval_samples": 16, "include_emg": false, "include_photometry": false, "mixup_prob": 0.5, "mouse_adv_lambda_grl": 1.0, "mouse_adv_weight": 0.5, "norm_mode": "global", "past_ce_weight": 1.0, "past_encoder_depth": 3, "past_self_attn_layers": 2, "run_name": "anchor_eeg", "select_best_by": "val_gen_auc_avg", "t_aux_max": 900, "t_aux_min": 100, "time_dim": 256, "token_dim": 256}
anchor_eeg__s4__h2	RT	M238	2	4	ok	3777.0000	0.7462	0.5000	0.6248	0.5000	0.6582	0.5000	0.6705	0.5000	-0.0107	0.6705	{"augment": true, "aux_ce_weight": 2.0, "aux_fm_weight": 10.0, "base_ch": 64, "cond_drop_prob": 0.15, "cross_mouse_mixup": true, "depth": 4, "epochs": 300, "eps_weight": 0.25, "eval_every": 20, "eval_gen_samples": 4, "eval_guidance_scale": 2.0, "eval_steps": 50, "final_eval_samples": 16, "include_emg": false, "include_photometry": false, "mixup_prob": 0.5, "mouse_adv_lambda_grl": 1.0, "mouse_adv_weight": 0.5, "norm_mode": "global", "past_ce_weight": 1.0, "past_encoder_depth": 3, "past_self_attn_layers": 2, "run_name": "anchor_eeg", "select_best_by": "val_gen_auc_avg", "t_aux_max": 900, "t_aux_min": 100, "time_dim": 256, "token_dim": 256}
anchor_eeg__s0__h3	RT	M238	3	0	ok	3744.6000	0.7805	0.6353	0.6068	0.6184	0.7785	0.6541	0.6288	0.6184	0.0764	0.6288	{"augment": true, "aux_ce_weight": 2.0, "aux_fm_weight": 10.0, "base_ch": 64, "cond_drop_prob": 0.15, "cross_mouse_mixup": true, "depth": 4, "epochs": 300, "eps_weight": 0.25, "eval_every": 20, "eval_gen_samples": 4, "eval_guidance_scale": 2.0, "eval_steps": 50, "final_eval_samples": 16, "include_emg": false, "include_photometry": false, "mixup_prob": 0.5, "mouse_adv_lambda_grl": 1.0, "mouse_adv_weight": 0.5, "norm_mode": "global", "past_ce_weight": 1.0, "past_encoder_depth": 3, "past_self_attn_layers": 2, "run_name": "anchor_eeg", "select_best_by": "val_gen_auc_avg", "t_aux_max": 900, "t_aux_min": 100, "time_dim": 256, "token_dim": 256}
anchor_eeg__s1__h3	RT	M238	3	1	ok	3755.9000	0.7836	0.6805	0.5673	0.5526	0.7736	0.7068	0.5975	0.5658	0.0351	0.5975	{"augment": true, "aux_ce_weight": 2.0, "aux_fm_weight": 10.0, "base_ch": 64, "cond_drop_prob": 0.15, "cross_mouse_mixup": true, "depth": 4, "epochs": 300, "eps_weight": 0.25, "eval_every": 20, "eval_gen_samples": 4, "eval_guidance_scale": 2.0, "eval_steps": 50, "final_eval_samples": 16, "include_emg": false, "include_photometry": false, "mixup_prob": 0.5, "mouse_adv_lambda_grl": 1.0, "mouse_adv_weight": 0.5, "norm_mode": "global", "past_ce_weight": 1.0, "past_encoder_depth": 3, "past_self_attn_layers": 2, "run_name": "anchor_eeg", "select_best_by": "val_gen_auc_avg", "t_aux_max": 900, "t_aux_min": 100, "time_dim": 256, "token_dim": 256}
anchor_eeg__s2__h3	RT	M238	3	2	ok	3806.9000	0.7861	0.7444	0.6736	0.5789	0.7866	0.7256	0.6536	0.5921	0.0760	0.6536	{"augment": true, "aux_ce_weight": 2.0, "aux_fm_weight": 10.0, "base_ch": 64, "cond_drop_prob": 0.15, "cross_mouse_mixup": true, "depth": 4, "epochs": 300, "eps_weight": 0.25, "eval_every": 20, "eval_gen_samples": 4, "eval_guidance_scale": 2.0, "eval_steps": 50, "final_eval_samples": 16, "include_emg": false, "include_photometry": false, "mixup_prob": 0.5, "mouse_adv_lambda_grl": 1.0, "mouse_adv_weight": 0.5, "norm_mode": "global", "past_ce_weight": 1.0, "past_encoder_depth": 3, "past_self_attn_layers": 2, "run_name": "anchor_eeg", "select_best_by": "val_gen_auc_avg", "t_aux_max": 900, "t_aux_min": 100, "time_dim": 256, "token_dim": 256}
anchor_eeg__s3__h3	RT	M238	3	3	crash(exit=1)	785.6000	nan	nan	nan	nan	nan	nan	nan	nan	nan	nan	{"augment": true, "aux_ce_weight": 2.0, "aux_fm_weight": 10.0, "base_ch": 64, "cond_drop_prob": 0.15, "cross_mouse_mixup": true, "depth": 4, "epochs": 300, "eps_weight": 0.25, "eval_every": 20, "eval_gen_samples": 4, "eval_guidance_scale": 2.0, "eval_steps": 50, "final_eval_samples": 16, "include_emg": false, "include_photometry": false, "mixup_prob": 0.5, "mouse_adv_lambda_grl": 1.0, "mouse_adv_weight": 0.5, "norm_mode": "global", "past_ce_weight": 1.0, "past_encoder_depth": 3, "past_self_attn_layers": 2, "run_name": "anchor_eeg", "select_best_by": "val_gen_auc_avg", "t_aux_max": 900, "t_aux_min": 100, "time_dim": 256, "token_dim": 256}
anchor_eeg__s4__h3	RT	M238	3	4	ok	1145.4000	0.5163	0.5000	0.5135	0.5000	0.5030	0.5000	0.5931	0.5000	-0.0007	0.5931	{"augment": true, "aux_ce_weight": 2.0, "aux_fm_weight": 10.0, "base_ch": 64, "cond_drop_prob": 0.15, "cross_mouse_mixup": true, "depth": 4, "epochs": 300, "eps_weight": 0.25, "eval_every": 20, "eval_gen_samples": 4, "eval_guidance_scale": 2.0, "eval_steps": 50, "final_eval_samples": 16, "include_emg": false, "include_photometry": false, "mixup_prob": 0.5, "mouse_adv_lambda_grl": 1.0, "mouse_adv_weight": 0.5, "norm_mode": "global", "past_ce_weight": 1.0, "past_encoder_depth": 3, "past_self_attn_layers": 2, "run_name": "anchor_eeg", "select_best_by": "val_gen_auc_avg", "t_aux_max": 900, "t_aux_min": 100, "time_dim": 256, "token_dim": 256}
anchor_eeg__s0__h4	RT	M238	4	0	ok	1166.2000	0.7643	0.5000	0.6354	0.5066	0.7699	0.5000	0.6099	0.5132	0.0396	0.6099	{"augment": true, "aux_ce_weight": 2.0, "aux_fm_weight": 10.0, "base_ch": 64, "cond_drop_prob": 0.15, "cross_mouse_mixup": true, "depth": 4, "epochs": 300, "eps_weight": 0.25, "eval_every": 20, "eval_gen_samples": 4, "eval_guidance_scale": 2.0, "eval_steps": 50, "final_eval_samples": 16, "include_emg": false, "include_photometry": false, "mixup_prob": 0.5, "mouse_adv_lambda_grl": 1.0, "mouse_adv_weight": 0.5, "norm_mode": "global", "past_ce_weight": 1.0, "past_encoder_depth": 3, "past_self_attn_layers": 2, "run_name": "anchor_eeg", "select_best_by": "val_gen_auc_avg", "t_aux_max": 900, "t_aux_min": 100, "time_dim": 256, "token_dim": 256}
anchor_eeg__s1__h4	RT	M238	4	1	ok	1103.6000	0.8129	0.5150	0.5964	0.5000	0.8052	0.5301	0.6281	0.5263	0.0223	0.6281	{"augment": true, "aux_ce_weight": 2.0, "aux_fm_weight": 10.0, "base_ch": 64, "cond_drop_prob": 0.15, "cross_mouse_mixup": true, "depth": 4, "epochs": 300, "eps_weight": 0.25, "eval_every": 20, "eval_gen_samples": 4, "eval_guidance_scale": 2.0, "eval_steps": 50, "final_eval_samples": 16, "include_emg": false, "include_photometry": false, "mixup_prob": 0.5, "mouse_adv_lambda_grl": 1.0, "mouse_adv_weight": 0.5, "norm_mode": "global", "past_ce_weight": 1.0, "past_encoder_depth": 3, "past_self_attn_layers": 2, "run_name": "anchor_eeg", "select_best_by": "val_gen_auc_avg", "t_aux_max": 900, "t_aux_min": 100, "time_dim": 256, "token_dim": 256}
anchor_eeg__s2__h4	RT	M238	4	2	ok	1072.7000	0.8374	0.7744	0.6617	0.5395	0.8163	0.7444	0.6266	0.5395	0.0300	0.6266	{"augment": true, "aux_ce_weight": 2.0, "aux_fm_weight": 10.0, "base_ch": 64, "cond_drop_prob": 0.15, "cross_mouse_mixup": true, "depth": 4, "epochs": 300, "eps_weight": 0.25, "eval_every": 20, "eval_gen_samples": 4, "eval_guidance_scale": 2.0, "eval_steps": 50, "final_eval_samples": 16, "include_emg": false, "include_photometry": false, "mixup_prob": 0.5, "mouse_adv_lambda_grl": 1.0, "mouse_adv_weight": 0.5, "norm_mode": "global", "past_ce_weight": 1.0, "past_encoder_depth": 3, "past_self_attn_layers": 2, "run_name": "anchor_eeg", "select_best_by": "val_gen_auc_avg", "t_aux_max": 900, "t_aux_min": 100, "time_dim": 256, "token_dim": 256}
anchor_eeg__s3__h4	RT	M238	4	3	ok	1080.2000	0.8420	0.5188	0.6631	0.5789	0.8171	0.5414	0.6766	0.6053	0.0630	0.6766	{"augment": true, "aux_ce_weight": 2.0, "aux_fm_weight": 10.0, "base_ch": 64, "cond_drop_prob": 0.15, "cross_mouse_mixup": true, "depth": 4, "epochs": 300, "eps_weight": 0.25, "eval_every": 20, "eval_gen_samples": 4, "eval_guidance_scale": 2.0, "eval_steps": 50, "final_eval_samples": 16, "include_emg": false, "include_photometry": false, "mixup_prob": 0.5, "mouse_adv_lambda_grl": 1.0, "mouse_adv_weight": 0.5, "norm_mode": "global", "past_ce_weight": 1.0, "past_encoder_depth": 3, "past_self_attn_layers": 2, "run_name": "anchor_eeg", "select_best_by": "val_gen_auc_avg", "t_aux_max": 900, "t_aux_min": 100, "time_dim": 256, "token_dim": 256}
anchor_eeg__s4__h4	RT	M238	4	4	ok	1077.9000	0.7474	0.5000	0.5777	0.5000	0.6284	0.5000	0.6525	0.5000	-0.0918	0.6525	{"augment": true, "aux_ce_weight": 2.0, "aux_fm_weight": 10.0, "base_ch": 64, "cond_drop_prob": 0.15, "cross_mouse_mixup": true, "depth": 4, "epochs": 300, "eps_weight": 0.25, "eval_every": 20, "eval_gen_samples": 4, "eval_guidance_scale": 2.0, "eval_steps": 50, "final_eval_samples": 16, "include_emg": false, "include_photometry": false, "mixup_prob": 0.5, "mouse_adv_lambda_grl": 1.0, "mouse_adv_weight": 0.5, "norm_mode": "global", "past_ce_weight": 1.0, "past_encoder_depth": 3, "past_self_attn_layers": 2, "run_name": "anchor_eeg", "select_best_by": "val_gen_auc_avg", "t_aux_max": 900, "t_aux_min": 100, "time_dim": 256, "token_dim": 256}
anchor_eeg__s0__h5	RT	M238	5	0	ok	1084.9000	0.7455	0.6880	0.6060	0.5592	0.7578	0.6992	0.6479	0.5592	0.0412	0.6479	{"augment": true, "aux_ce_weight": 2.0, "aux_fm_weight": 10.0, "base_ch": 64, "cond_drop_prob": 0.15, "cross_mouse_mixup": true, "depth": 4, "epochs": 300, "eps_weight": 0.25, "eval_every": 20, "eval_gen_samples": 4, "eval_guidance_scale": 2.0, "eval_steps": 50, "final_eval_samples": 16, "include_emg": false, "include_photometry": false, "mixup_prob": 0.5, "mouse_adv_lambda_grl": 1.0, "mouse_adv_weight": 0.5, "norm_mode": "global", "past_ce_weight": 1.0, "past_encoder_depth": 3, "past_self_attn_layers": 2, "run_name": "anchor_eeg", "select_best_by": "val_gen_auc_avg", "t_aux_max": 900, "t_aux_min": 100, "time_dim": 256, "token_dim": 256}
anchor_eeg__s1__h5	RT	M238	5	1	ok	1072.8000	0.7565	0.6729	0.6252	0.6316	0.7142	0.6241	0.6711	0.6053	0.1783	0.6711	{"augment": true, "aux_ce_weight": 2.0, "aux_fm_weight": 10.0, "base_ch": 64, "cond_drop_prob": 0.15, "cross_mouse_mixup": true, "depth": 4, "epochs": 300, "eps_weight": 0.25, "eval_every": 20, "eval_gen_samples": 4, "eval_guidance_scale": 2.0, "eval_steps": 50, "final_eval_samples": 16, "include_emg": false, "include_photometry": false, "mixup_prob": 0.5, "mouse_adv_lambda_grl": 1.0, "mouse_adv_weight": 0.5, "norm_mode": "global", "past_ce_weight": 1.0, "past_encoder_depth": 3, "past_self_attn_layers": 2, "run_name": "anchor_eeg", "select_best_by": "val_gen_auc_avg", "t_aux_max": 900, "t_aux_min": 100, "time_dim": 256, "token_dim": 256}
anchor_eeg__s2__h5	RT	M238	5	2	ok	1090.0000	0.7388	0.5789	0.6212	0.5395	0.7224	0.6015	0.6286	0.5263	0.1340	0.6286	{"augment": true, "aux_ce_weight": 2.0, "aux_fm_weight": 10.0, "base_ch": 64, "cond_drop_prob": 0.15, "cross_mouse_mixup": true, "depth": 4, "epochs": 300, "eps_weight": 0.25, "eval_every": 20, "eval_gen_samples": 4, "eval_guidance_scale": 2.0, "eval_steps": 50, "final_eval_samples": 16, "include_emg": false, "include_photometry": false, "mixup_prob": 0.5, "mouse_adv_lambda_grl": 1.0, "mouse_adv_weight": 0.5, "norm_mode": "global", "past_ce_weight": 1.0, "past_encoder_depth": 3, "past_self_attn_layers": 2, "run_name": "anchor_eeg", "select_best_by": "val_gen_auc_avg", "t_aux_max": 900, "t_aux_min": 100, "time_dim": 256, "token_dim": 256}
anchor_eeg__s3__h5	RT	M238	5	3	ok	1099.7000	0.8141	0.5000	0.6918	0.5000	0.7527	0.5000	0.6627	0.5000	0.0770	0.6627	{"augment": true, "aux_ce_weight": 2.0, "aux_fm_weight": 10.0, "base_ch": 64, "cond_drop_prob": 0.15, "cross_mouse_mixup": true, "depth": 4, "epochs": 300, "eps_weight": 0.25, "eval_every": 20, "eval_gen_samples": 4, "eval_guidance_scale": 2.0, "eval_steps": 50, "final_eval_samples": 16, "include_emg": false, "include_photometry": false, "mixup_prob": 0.5, "mouse_adv_lambda_grl": 1.0, "mouse_adv_weight": 0.5, "norm_mode": "global", "past_ce_weight": 1.0, "past_encoder_depth": 3, "past_self_attn_layers": 2, "run_name": "anchor_eeg", "select_best_by": "val_gen_auc_avg", "t_aux_max": 900, "t_aux_min": 100, "time_dim": 256, "token_dim": 256}
anchor_eeg__s4__h5	RT	M238	5	4	ok	1149.7000	0.8050	0.5526	0.6465	0.5724	0.7828	0.5865	0.6053	0.5263	-0.0036	0.6053	{"augment": true, "aux_ce_weight": 2.0, "aux_fm_weight": 10.0, "base_ch": 64, "cond_drop_prob": 0.15, "cross_mouse_mixup": true, "depth": 4, "epochs": 300, "eps_weight": 0.25, "eval_every": 20, "eval_gen_samples": 4, "eval_guidance_scale": 2.0, "eval_steps": 50, "final_eval_samples": 16, "include_emg": false, "include_photometry": false, "mixup_prob": 0.5, "mouse_adv_lambda_grl": 1.0, "mouse_adv_weight": 0.5, "norm_mode": "global", "past_ce_weight": 1.0, "past_encoder_depth": 3, "past_self_attn_layers": 2, "run_name": "anchor_eeg", "select_best_by": "val_gen_auc_avg", "t_aux_max": 900, "t_aux_min": 100, "time_dim": 256, "token_dim": 256}
anchor_eeg__s3	RT	M238	3	3	ok	1192.7000	0.7989	0.6579	0.6288	0.5987	0.7664	0.6541	0.6740	0.6250	0.1389	0.6740	{"augment": true, "aux_ce_weight": 2.0, "aux_fm_weight": 10.0, "base_ch": 64, "cond_drop_prob": 0.15, "cross_mouse_mixup": true, "depth": 4, "epochs": 300, "eps_weight": 0.25, "eval_every": 20, "eval_gen_samples": 4, "eval_guidance_scale": 2.0, "eval_steps": 50, "final_eval_samples": 16, "include_emg": false, "include_photometry": false, "mixup_prob": 0.5, "mouse_adv_lambda_grl": 1.0, "mouse_adv_weight": 0.5, "norm_mode": "global", "past_ce_weight": 1.0, "past_encoder_depth": 3, "past_self_attn_layers": 2, "run_name": "anchor_eeg", "select_best_by": "val_gen_auc_avg", "t_aux_max": 900, "t_aux_min": 100, "time_dim": 256, "token_dim": 256}
