region	fold	horizon_idx	run_kind	run_name	seed	diffusion_modality	n_seeds_in_ensemble	n_samples_per_seed	n_total_generated_per_event	n_test	n_test_pos	n_test_neg	test_auc	test_auc_ci_lo	test_auc_ci_hi	test_acc	test_acc_ci_lo	test_acc_ci_hi	test_balanced_acc	val_auc	val_acc	preictal_test_auc	preictal_test_acc	preictal_mm_eeg_emg_test_auc	preictal_mm_eeg_emg_test_acc	preictal_mm_eeg_photo_test_auc	preictal_mm_eeg_photo_test_acc	preictal_mm_eeg_emg_photo_test_auc	preictal_mm_eeg_emg_photo_test_acc	target_test_auc	target_test_acc	best_score	best_select_by	val_holdout_mouse	run_dir
VPM	M710	0	ensemble	ensemble_5seed		eeg	5	16	80	238	119	119	0.7482	0.6864	0.8117	0.7017	0.6471	0.7605	0.7017	0.9469	0.7571	0.7149	0.6849	0.7102	0.6429	0.6751	0.5000	0.7264	0.6261	0.9234	0.7479			M1079	${ORIGINAL_PROJECT}\outputs\v6_paper_VPM_M710_allh\ensembles\VPM\fold_M710\horizon_0\eeg
VPM	M710	0	single_ckpt	anchor_eeg__s0__h0	0	eeg	1	16	16	238	119	119	0.7419	0.6811	0.8023	0.6807	0.6218	0.7395	0.6807	0.8808	0.7286	0.7149	0.6849	0.7102	0.6429	0.6751	0.5000	0.7264	0.6261	0.9234	0.7479	nan	val_gen_auc_avg	M1079	${ORIGINAL_PROJECT}\outputs\v6_paper_VPM_M710_eeg_allh\diffusion\VPM\fold_M710\horizon_0\anchor_eeg__s0__h0
VPM	M710	0	single_ckpt	anchor_eeg__s1__h0	1	eeg	1	16	16	238	119	119	0.7341	0.6706	0.7992	0.6849	0.6303	0.7479	0.6849	0.9567	0.7857	0.7149	0.6849	0.7102	0.6429	0.6751	0.5000	0.7264	0.6261	0.9234	0.7479	nan	val_gen_auc_avg	M1079	${ORIGINAL_PROJECT}\outputs\v6_paper_VPM_M710_eeg_allh\diffusion\VPM\fold_M710\horizon_0\anchor_eeg__s1__h0
VPM	M710	0	single_ckpt	anchor_eeg__s2__h0	2	eeg	1	16	16	238	119	119	0.7142	0.6475	0.7802	0.6807	0.6261	0.7437	0.6807	0.8735	0.7429	0.7149	0.6849	0.7102	0.6429	0.6751	0.5000	0.7264	0.6261	0.9234	0.7479	nan	val_gen_auc_avg	M1079	${ORIGINAL_PROJECT}\outputs\v6_paper_VPM_M710_eeg_allh\diffusion\VPM\fold_M710\horizon_0\anchor_eeg__s2__h0
VPM	M710	0	single_ckpt	anchor_eeg__s3__h0	3	eeg	1	16	16	238	119	119	0.7485	0.6874	0.8127	0.6261	0.5713	0.6849	0.6261	0.9510	0.9000	0.7149	0.6849	0.7102	0.6429	0.6751	0.5000	0.7264	0.6261	0.9234	0.7479	nan	val_gen_auc_avg	M1079	${ORIGINAL_PROJECT}\outputs\v6_paper_VPM_M710_eeg_allh\diffusion\VPM\fold_M710\horizon_0\anchor_eeg__s3__h0
VPM	M710	0	single_ckpt	anchor_eeg__s4__h0	4	eeg	1	16	16	238	119	119	0.7455	0.6850	0.8052	0.6891	0.6303	0.7437	0.6891	0.8261	0.6286	0.7149	0.6849	0.7102	0.6429	0.6751	0.5000	0.7264	0.6261	0.9234	0.7479	nan	val_gen_auc_avg	M1079	${ORIGINAL_PROJECT}\outputs\v6_paper_VPM_M710_eeg_allh\diffusion\VPM\fold_M710\horizon_0\anchor_eeg__s4__h0
VPM	M710	0	ensemble	ensemble_5seed		eeg_emg_photo	5	16	80	238	119	119	0.7768	0.7152	0.8363	0.6765	0.6217	0.7311	0.6765	0.9249	0.7714	0.7149	0.6849	0.7102	0.6429	0.6751	0.5000	0.7264	0.6261	0.9234	0.7479			M1079	${ORIGINAL_PROJECT}\outputs\v6_paper_VPM_M710_allh\ensembles\VPM\fold_M710\horizon_0\eeg_emg_photo
VPM	M710	0	single_ckpt	anchor_vpm__s0__h0	0	eeg_emg_photo	1	16	16	238	119	119	0.7803	0.7191	0.8378	0.6975	0.6387	0.7563	0.6975	0.9012	0.7286	0.7149	0.6849	0.7102	0.6429	0.6751	0.5000	0.7264	0.6261	0.9234	0.7479	nan	val_gen_auc_avg	M1079	${ORIGINAL_PROJECT}\outputs\v6_paper_VPM_M710_allh\diffusion\VPM\fold_M710\horizon_0\anchor_vpm__s0__h0
VPM	M710	0	single_ckpt	anchor_vpm__s1__h0	1	eeg_emg_photo	1	16	16	238	119	119	0.7557	0.6938	0.8149	0.6429	0.5882	0.7017	0.6429	0.9135	0.7571	0.7149	0.6849	0.7102	0.6429	0.6751	0.5000	0.7264	0.6261	0.9234	0.7479	nan	val_gen_auc_avg	M1079	${ORIGINAL_PROJECT}\outputs\v6_paper_VPM_M710_allh\diffusion\VPM\fold_M710\horizon_0\anchor_vpm__s1__h0
VPM	M710	0	single_ckpt	anchor_vpm__s2__h0	2	eeg_emg_photo	1	16	16	238	119	119	0.7372	0.6702	0.7958	0.6387	0.5797	0.6975	0.6387	0.8784	0.8000	0.7149	0.6849	0.7102	0.6429	0.6751	0.5000	0.7264	0.6261	0.9234	0.7479	nan	val_gen_auc_avg	M1079	${ORIGINAL_PROJECT}\outputs\v6_paper_VPM_M710_allh\diffusion\VPM\fold_M710\horizon_0\anchor_vpm__s2__h0
VPM	M710	0	single_ckpt	anchor_vpm__s3__h0	3	eeg_emg_photo	1	16	16	238	119	119	0.7460	0.6833	0.8069	0.6303	0.5672	0.6892	0.6303	0.9151	0.8000	0.7149	0.6849	0.7102	0.6429	0.6751	0.5000	0.7264	0.6261	0.9234	0.7479	nan	val_gen_auc_avg	M1079	${ORIGINAL_PROJECT}\outputs\v6_paper_VPM_M710_allh\diffusion\VPM\fold_M710\horizon_0\anchor_vpm__s3__h0
VPM	M710	0	single_ckpt	anchor_vpm__s4__h0	4	eeg_emg_photo	1	16	16	238	119	119	0.7526	0.6883	0.8156	0.7311	0.6723	0.7815	0.7311	0.8604	0.7286	0.7149	0.6849	0.7102	0.6429	0.6751	0.5000	0.7264	0.6261	0.9234	0.7479	nan	val_gen_auc_avg	M1079	${ORIGINAL_PROJECT}\outputs\v6_paper_VPM_M710_allh\diffusion\VPM\fold_M710\horizon_0\anchor_vpm__s4__h0
VPM	M710	1	ensemble	ensemble_5seed		eeg	5	16	80	238	119	119	0.7642	0.7028	0.8238	0.7353	0.6807	0.7899	0.7353	0.8155	0.7143	0.7309	0.6639	0.6667	0.6050	0.7042	0.5546	0.7231	0.6261	0.9234	0.7479			M1079	${ORIGINAL_PROJECT}\outputs\v6_paper_VPM_M710_allh\ensembles\VPM\fold_M710\horizon_1\eeg
VPM	M710	1	single_ckpt	anchor_eeg__s0__h1	0	eeg	1	16	16	238	119	119	0.7438	0.6792	0.8072	0.7143	0.6555	0.7689	0.7143	0.7878	0.6571	0.7309	0.6639	0.6667	0.6050	0.7042	0.5546	0.7231	0.6261	0.9234	0.7479	nan	val_gen_auc_avg	M1079	${ORIGINAL_PROJECT}\outputs\v6_paper_VPM_M710_eeg_allh\diffusion\VPM\fold_M710\horizon_1\anchor_eeg__s0__h1
VPM	M710	1	single_ckpt	anchor_eeg__s1__h1	1	eeg	1	16	16	238	119	119	0.7517	0.6874	0.8117	0.7227	0.6639	0.7773	0.7227	0.8294	0.7000	0.7309	0.6639	0.6667	0.6050	0.7042	0.5546	0.7231	0.6261	0.9234	0.7479	nan	val_gen_auc_avg	M1079	${ORIGINAL_PROJECT}\outputs\v6_paper_VPM_M710_eeg_allh\diffusion\VPM\fold_M710\horizon_1\anchor_eeg__s1__h1
VPM	M710	1	single_ckpt	anchor_eeg__s2__h1	2	eeg	1	16	16	238	119	119	0.7558	0.6942	0.8143	0.7185	0.6597	0.7731	0.7185	0.7624	0.7000	0.7309	0.6639	0.6667	0.6050	0.7042	0.5546	0.7231	0.6261	0.9234	0.7479	nan	val_gen_auc_avg	M1079	${ORIGINAL_PROJECT}\outputs\v6_paper_VPM_M710_eeg_allh\diffusion\VPM\fold_M710\horizon_1\anchor_eeg__s2__h1
VPM	M710	1	single_ckpt	anchor_eeg__s3__h1	3	eeg	1	16	16	238	119	119	0.7718	0.7108	0.8296	0.7479	0.6933	0.8025	0.7479	0.7910	0.7143	0.7309	0.6639	0.6667	0.6050	0.7042	0.5546	0.7231	0.6261	0.9234	0.7479	nan	val_gen_auc_avg	M1079	${ORIGINAL_PROJECT}\outputs\v6_paper_VPM_M710_eeg_allh\diffusion\VPM\fold_M710\horizon_1\anchor_eeg__s3__h1
VPM	M710	1	single_ckpt	anchor_eeg__s4__h1	4	eeg	1	16	16	238	119	119	0.7371	0.6720	0.7995	0.7311	0.6765	0.7815	0.7311	0.7943	0.6143	0.7309	0.6639	0.6667	0.6050	0.7042	0.5546	0.7231	0.6261	0.9234	0.7479	nan	val_gen_auc_avg	M1079	${ORIGINAL_PROJECT}\outputs\v6_paper_VPM_M710_eeg_allh\diffusion\VPM\fold_M710\horizon_1\anchor_eeg__s4__h1
VPM	M710	1	ensemble	ensemble_5seed		eeg_emg_photo	5	16	80	238	119	119	0.7295	0.6662	0.7917	0.6681	0.6050	0.7311	0.6681	0.8784	0.7429	0.7309	0.6639	0.6667	0.6050	0.7042	0.5546	0.7231	0.6261	0.9234	0.7479			M1079	${ORIGINAL_PROJECT}\outputs\v6_paper_VPM_M710_allh\ensembles\VPM\fold_M710\horizon_1\eeg_emg_photo
VPM	M710	1	single_ckpt	anchor_vpm__s0__h1	0	eeg_emg_photo	1	16	16	238	119	119	0.7360	0.6704	0.7998	0.6387	0.5756	0.6933	0.6387	0.8196	0.7000	0.7309	0.6639	0.6667	0.6050	0.7042	0.5546	0.7231	0.6261	0.9234	0.7479	nan	val_gen_auc_avg	M1079	${ORIGINAL_PROJECT}\outputs\v6_paper_VPM_M710_allh\diffusion\VPM\fold_M710\horizon_1\anchor_vpm__s0__h1
VPM	M710	1	single_ckpt	anchor_vpm__s1__h1	1	eeg_emg_photo	1	16	16	238	119	119	0.7139	0.6548	0.7763	0.6597	0.6008	0.7144	0.6597	0.8376	0.5857	0.7309	0.6639	0.6667	0.6050	0.7042	0.5546	0.7231	0.6261	0.9234	0.7479	nan	val_gen_auc_avg	M1079	${ORIGINAL_PROJECT}\outputs\v6_paper_VPM_M710_allh\diffusion\VPM\fold_M710\horizon_1\anchor_vpm__s1__h1
VPM	M710	1	single_ckpt	anchor_vpm__s2__h1	2	eeg_emg_photo	1	16	16	238	119	119	0.7214	0.6556	0.7866	0.6807	0.6176	0.7437	0.6807	0.8571	0.6429	0.7309	0.6639	0.6667	0.6050	0.7042	0.5546	0.7231	0.6261	0.9234	0.7479	nan	val_gen_auc_avg	M1079	${ORIGINAL_PROJECT}\outputs\v6_paper_VPM_M710_allh\diffusion\VPM\fold_M710\horizon_1\anchor_vpm__s2__h1
VPM	M710	1	single_ckpt	anchor_vpm__s3__h1	3	eeg_emg_photo	1	16	16	238	119	119	0.6963	0.6318	0.7632	0.6176	0.5546	0.6765	0.6176	0.7665	0.6714	0.7309	0.6639	0.6667	0.6050	0.7042	0.5546	0.7231	0.6261	0.9234	0.7479	nan	val_gen_auc_avg	M1079	${ORIGINAL_PROJECT}\outputs\v6_paper_VPM_M710_allh\diffusion\VPM\fold_M710\horizon_1\anchor_vpm__s3__h1
VPM	M710	1	single_ckpt	anchor_vpm__s4__h1	4	eeg_emg_photo	1	16	16	238	119	119	0.6896	0.6196	0.7565	0.6092	0.5462	0.6681	0.6092	0.8261	0.8000	0.7309	0.6639	0.6667	0.6050	0.7042	0.5546	0.7231	0.6261	0.9234	0.7479	nan	val_gen_auc_avg	M1079	${ORIGINAL_PROJECT}\outputs\v6_paper_VPM_M710_allh\diffusion\VPM\fold_M710\horizon_1\anchor_vpm__s4__h1
VPM	M710	2	ensemble	ensemble_5seed		eeg	5	16	80	238	119	119	0.7584	0.6991	0.8195	0.7185	0.6639	0.7773	0.7185	0.8473	0.7429	0.7065	0.5000	0.7146	0.6639	0.7349	0.5882	0.6840	0.6050	0.9234	0.7479			M1079	${ORIGINAL_PROJECT}\outputs\v6_paper_VPM_M710_allh\ensembles\VPM\fold_M710\horizon_2\eeg
VPM	M710	2	single_ckpt	anchor_eeg__s0__h2	0	eeg	1	16	16	238	119	119	0.7516	0.6914	0.8156	0.7017	0.6429	0.7647	0.7017	0.7567	0.7571	0.7065	0.5000	0.7146	0.6639	0.7349	0.5882	0.6840	0.6050	0.9234	0.7479	nan	val_gen_auc_avg	M1079	${ORIGINAL_PROJECT}\outputs\v6_paper_VPM_M710_eeg_allh\diffusion\VPM\fold_M710\horizon_2\anchor_eeg__s0__h2
VPM	M710	2	single_ckpt	anchor_eeg__s1__h2	1	eeg	1	16	16	238	119	119	0.7583	0.6987	0.8186	0.7143	0.6597	0.7731	0.7143	0.7600	0.7143	0.7065	0.5000	0.7146	0.6639	0.7349	0.5882	0.6840	0.6050	0.9234	0.7479	nan	val_gen_auc_avg	M1079	${ORIGINAL_PROJECT}\outputs\v6_paper_VPM_M710_eeg_allh\diffusion\VPM\fold_M710\horizon_2\anchor_eeg__s1__h2
VPM	M710	2	single_ckpt	anchor_eeg__s2__h2	2	eeg	1	16	16	238	119	119	0.7412	0.6777	0.8073	0.7059	0.6471	0.7647	0.7059	0.8506	0.7571	0.7065	0.5000	0.7146	0.6639	0.7349	0.5882	0.6840	0.6050	0.9234	0.7479	nan	val_gen_auc_avg	M1079	${ORIGINAL_PROJECT}\outputs\v6_paper_VPM_M710_eeg_allh\diffusion\VPM\fold_M710\horizon_2\anchor_eeg__s2__h2
VPM	M710	2	single_ckpt	anchor_eeg__s3__h2	3	eeg	1	16	16	238	119	119	0.7493	0.6867	0.8065	0.6681	0.6092	0.7269	0.6681	0.8457	0.7286	0.7065	0.5000	0.7146	0.6639	0.7349	0.5882	0.6840	0.6050	0.9234	0.7479	nan	val_gen_auc_avg	M1079	${ORIGINAL_PROJECT}\outputs\v6_paper_VPM_M710_eeg_allh\diffusion\VPM\fold_M710\horizon_2\anchor_eeg__s3__h2
VPM	M710	2	single_ckpt	anchor_eeg__s4__h2	4	eeg	1	16	16	238	119	119	0.7169	0.6508	0.7853	0.7059	0.6471	0.7605	0.7059	0.7347	0.6571	0.7065	0.5000	0.7146	0.6639	0.7349	0.5882	0.6840	0.6050	0.9234	0.7479	nan	val_gen_auc_avg	M1079	${ORIGINAL_PROJECT}\outputs\v6_paper_VPM_M710_eeg_allh\diffusion\VPM\fold_M710\horizon_2\anchor_eeg__s4__h2
VPM	M710	2	ensemble	ensemble_5seed		eeg_emg_photo	5	16	80	238	119	119	0.7542	0.6888	0.8150	0.6513	0.5882	0.7060	0.6513	0.7731	0.6571	0.7065	0.5000	0.7146	0.6639	0.7349	0.5882	0.6840	0.6050	0.9234	0.7479			M1079	${ORIGINAL_PROJECT}\outputs\v6_paper_VPM_M710_allh\ensembles\VPM\fold_M710\horizon_2\eeg_emg_photo
VPM	M710	2	single_ckpt	anchor_vpm__s0__h2	0	eeg_emg_photo	1	16	16	238	119	119	0.7101	0.6419	0.7775	0.6555	0.5924	0.7143	0.6555	0.7910	0.6143	0.7065	0.5000	0.7146	0.6639	0.7349	0.5882	0.6840	0.6050	0.9234	0.7479	nan	val_gen_auc_avg	M1079	${ORIGINAL_PROJECT}\outputs\v6_paper_VPM_M710_allh\diffusion\VPM\fold_M710\horizon_2\anchor_vpm__s0__h2
VPM	M710	2	single_ckpt	anchor_vpm__s1__h2	1	eeg_emg_photo	1	16	16	238	119	119	0.7170	0.6541	0.7836	0.5924	0.5335	0.6555	0.5924	0.7371	0.7000	0.7065	0.5000	0.7146	0.6639	0.7349	0.5882	0.6840	0.6050	0.9234	0.7479	nan	val_gen_auc_avg	M1079	${ORIGINAL_PROJECT}\outputs\v6_paper_VPM_M710_allh\diffusion\VPM\fold_M710\horizon_2\anchor_vpm__s1__h2
VPM	M710	2	single_ckpt	anchor_vpm__s2__h2	2	eeg_emg_photo	1	16	16	238	119	119	0.7519	0.6889	0.8129	0.6807	0.6218	0.7437	0.6807	0.6547	0.6429	0.7065	0.5000	0.7146	0.6639	0.7349	0.5882	0.6840	0.6050	0.9234	0.7479	nan	val_gen_auc_avg	M1079	${ORIGINAL_PROJECT}\outputs\v6_paper_VPM_M710_allh\diffusion\VPM\fold_M710\horizon_2\anchor_vpm__s2__h2
VPM	M710	2	single_ckpt	anchor_vpm__s3__h2	3	eeg_emg_photo	1	16	16	238	119	119	0.7434	0.6797	0.8063	0.6681	0.6092	0.7228	0.6681	0.7657	0.7143	0.7065	0.5000	0.7146	0.6639	0.7349	0.5882	0.6840	0.6050	0.9234	0.7479	nan	val_gen_auc_avg	M1079	${ORIGINAL_PROJECT}\outputs\v6_paper_VPM_M710_allh\diffusion\VPM\fold_M710\horizon_2\anchor_vpm__s3__h2
VPM	M710	2	single_ckpt	anchor_vpm__s4__h2	4	eeg_emg_photo	1	16	16	238	119	119	0.7497	0.6892	0.8103	0.6975	0.6429	0.7563	0.6975	0.7069	0.6571	0.7065	0.5000	0.7146	0.6639	0.7349	0.5882	0.6840	0.6050	0.9234	0.7479	nan	val_gen_auc_avg	M1079	${ORIGINAL_PROJECT}\outputs\v6_paper_VPM_M710_allh\diffusion\VPM\fold_M710\horizon_2\anchor_vpm__s4__h2
VPM	M710	3	ensemble	ensemble_5seed		eeg	5	16	80	238	119	119	0.7548	0.6931	0.8136	0.7185	0.6597	0.7731	0.7185	0.8016	0.6857	0.7545	0.5420	0.3688	0.5000	0.6768	0.5000	0.6202	0.5126	0.9234	0.7479			M1079	${ORIGINAL_PROJECT}\outputs\v6_paper_VPM_M710_allh\ensembles\VPM\fold_M710\horizon_3\eeg
VPM	M710	3	single_ckpt	anchor_eeg__s0__h3	0	eeg	1	16	16	238	119	119	0.7131	0.6395	0.7771	0.6975	0.6387	0.7563	0.6975	0.8522	0.7286	0.7545	0.5420	0.3688	0.5000	0.6768	0.5000	0.6202	0.5126	0.9234	0.7479	nan	val_gen_auc_avg	M1079	${ORIGINAL_PROJECT}\outputs\v6_paper_VPM_M710_eeg_allh\diffusion\VPM\fold_M710\horizon_3\anchor_eeg__s0__h3
VPM	M710	3	single_ckpt	anchor_eeg__s1__h3	1	eeg	1	16	16	238	119	119	0.7584	0.6974	0.8175	0.7143	0.6555	0.7647	0.7143	0.7608	0.6571	0.7545	0.5420	0.3688	0.5000	0.6768	0.5000	0.6202	0.5126	0.9234	0.7479	nan	val_gen_auc_avg	M1079	${ORIGINAL_PROJECT}\outputs\v6_paper_VPM_M710_eeg_allh\diffusion\VPM\fold_M710\horizon_3\anchor_eeg__s1__h3
VPM	M710	3	single_ckpt	anchor_eeg__s2__h3	2	eeg	1	16	16	238	119	119	0.7306	0.6624	0.7937	0.6765	0.6134	0.7311	0.6765	0.7543	0.7000	0.7545	0.5420	0.3688	0.5000	0.6768	0.5000	0.6202	0.5126	0.9234	0.7479	nan	val_gen_auc_avg	M1079	${ORIGINAL_PROJECT}\outputs\v6_paper_VPM_M710_eeg_allh\diffusion\VPM\fold_M710\horizon_3\anchor_eeg__s2__h3
VPM	M710	3	single_ckpt	anchor_eeg__s3__h3	3	eeg	1	16	16	238	119	119	0.7503	0.6884	0.8089	0.6975	0.6387	0.7563	0.6975	0.7502	0.7000	0.7545	0.5420	0.3688	0.5000	0.6768	0.5000	0.6202	0.5126	0.9234	0.7479	nan	val_gen_auc_avg	M1079	${ORIGINAL_PROJECT}\outputs\v6_paper_VPM_M710_eeg_allh\diffusion\VPM\fold_M710\horizon_3\anchor_eeg__s3__h3
VPM	M710	3	single_ckpt	anchor_eeg__s4__h3	4	eeg	1	16	16	238	119	119	0.7546	0.6950	0.8117	0.6891	0.6345	0.7479	0.6891	0.7878	0.6429	0.7545	0.5420	0.3688	0.5000	0.6768	0.5000	0.6202	0.5126	0.9234	0.7479	nan	val_gen_auc_avg	M1079	${ORIGINAL_PROJECT}\outputs\v6_paper_VPM_M710_eeg_allh\diffusion\VPM\fold_M710\horizon_3\anchor_eeg__s4__h3
VPM	M710	3	ensemble	ensemble_5seed		eeg_emg_photo	5	16	80	238	119	119	0.7143	0.6487	0.7776	0.6176	0.5546	0.6765	0.6176	0.8237	0.7286	0.7545	0.5420	0.3688	0.5000	0.6768	0.5000	0.6202	0.5126	0.9234	0.7479			M1079	${ORIGINAL_PROJECT}\outputs\v6_paper_VPM_M710_allh\ensembles\VPM\fold_M710\horizon_3\eeg_emg_photo
VPM	M710	3	single_ckpt	anchor_vpm__s0__h3	0	eeg_emg_photo	1	16	16	238	119	119	0.7169	0.6518	0.7786	0.6008	0.5420	0.6597	0.6008	0.7673	0.7571	0.7545	0.5420	0.3688	0.5000	0.6768	0.5000	0.6202	0.5126	0.9234	0.7479	nan	val_gen_auc_avg	M1079	${ORIGINAL_PROJECT}\outputs\v6_paper_VPM_M710_allh\diffusion\VPM\fold_M710\horizon_3\anchor_vpm__s0__h3
VPM	M710	3	single_ckpt	anchor_vpm__s1__h3	1	eeg_emg_photo	1	16	16	238	119	119	0.7081	0.6430	0.7690	0.6429	0.5840	0.7017	0.6429	0.8106	0.6857	0.7545	0.5420	0.3688	0.5000	0.6768	0.5000	0.6202	0.5126	0.9234	0.7479	nan	val_gen_auc_avg	M1079	${ORIGINAL_PROJECT}\outputs\v6_paper_VPM_M710_allh\diffusion\VPM\fold_M710\horizon_3\anchor_vpm__s1__h3
VPM	M710	3	single_ckpt	anchor_vpm__s2__h3	2	eeg_emg_photo	1	16	16	238	119	119	0.6782	0.6080	0.7458	0.5252	0.4622	0.5882	0.5252	0.7967	0.7000	0.7545	0.5420	0.3688	0.5000	0.6768	0.5000	0.6202	0.5126	0.9234	0.7479	nan	val_gen_auc_avg	M1079	${ORIGINAL_PROJECT}\outputs\v6_paper_VPM_M710_allh\diffusion\VPM\fold_M710\horizon_3\anchor_vpm__s2__h3
VPM	M710	3	single_ckpt	anchor_vpm__s3__h3	3	eeg_emg_photo	1	16	16	238	119	119	0.6826	0.6184	0.7468	0.6218	0.5630	0.6891	0.6218	0.7788	0.6143	0.7545	0.5420	0.3688	0.5000	0.6768	0.5000	0.6202	0.5126	0.9234	0.7479	nan	val_gen_auc_avg	M1079	${ORIGINAL_PROJECT}\outputs\v6_paper_VPM_M710_allh\diffusion\VPM\fold_M710\horizon_3\anchor_vpm__s3__h3
VPM	M710	3	single_ckpt	anchor_vpm__s4__h3	4	eeg_emg_photo	1	16	16	238	119	119	0.7070	0.6400	0.7693	0.6471	0.5840	0.7017	0.6471	0.8016	0.6571	0.7545	0.5420	0.3688	0.5000	0.6768	0.5000	0.6202	0.5126	0.9234	0.7479	nan	val_gen_auc_avg	M1079	${ORIGINAL_PROJECT}\outputs\v6_paper_VPM_M710_allh\diffusion\VPM\fold_M710\horizon_3\anchor_vpm__s4__h3
VPM	M710	4	ensemble	ensemble_5seed		eeg	5	16	80	238	119	119	0.7679	0.7066	0.8249	0.7185	0.6639	0.7773	0.7185	0.7845	0.6429	0.7494	0.7059	0.4290	0.5000	0.6972	0.5000	0.5477	0.5000	0.9234	0.7479			M1079	${ORIGINAL_PROJECT}\outputs\v6_paper_VPM_M710_allh\ensembles\VPM\fold_M710\horizon_4\eeg
VPM	M710	4	single_ckpt	anchor_eeg__s0__h4	0	eeg	1	16	16	238	119	119	0.7547	0.6930	0.8168	0.7101	0.6555	0.7689	0.7101	0.7706	0.6857	0.7494	0.7059	0.4290	0.5000	0.6972	0.5000	0.5477	0.5000	0.9234	0.7479	nan	val_gen_auc_avg	M1079	${ORIGINAL_PROJECT}\outputs\v6_paper_VPM_M710_eeg_allh\diffusion\VPM\fold_M710\horizon_4\anchor_eeg__s0__h4
VPM	M710	4	single_ckpt	anchor_eeg__s1__h4	1	eeg	1	16	16	238	119	119	0.7341	0.6646	0.7986	0.7017	0.6471	0.7605	0.7017	0.7551	0.6714	0.7494	0.7059	0.4290	0.5000	0.6972	0.5000	0.5477	0.5000	0.9234	0.7479	nan	val_gen_auc_avg	M1079	${ORIGINAL_PROJECT}\outputs\v6_paper_VPM_M710_eeg_allh\diffusion\VPM\fold_M710\horizon_4\anchor_eeg__s1__h4
VPM	M710	4	single_ckpt	anchor_eeg__s2__h4	2	eeg	1	16	16	238	119	119	0.7560	0.6952	0.8155	0.6723	0.6134	0.7269	0.6723	0.6196	0.5714	0.7494	0.7059	0.4290	0.5000	0.6972	0.5000	0.5477	0.5000	0.9234	0.7479	nan	val_gen_auc_avg	M1079	${ORIGINAL_PROJECT}\outputs\v6_paper_VPM_M710_eeg_allh\diffusion\VPM\fold_M710\horizon_4\anchor_eeg__s2__h4
VPM	M710	4	single_ckpt	anchor_eeg__s3__h4	3	eeg	1	16	16	238	119	119	0.7573	0.6988	0.8153	0.7395	0.6890	0.7983	0.7395	0.7543	0.6714	0.7494	0.7059	0.4290	0.5000	0.6972	0.5000	0.5477	0.5000	0.9234	0.7479	nan	val_gen_auc_avg	M1079	${ORIGINAL_PROJECT}\outputs\v6_paper_VPM_M710_eeg_allh\diffusion\VPM\fold_M710\horizon_4\anchor_eeg__s3__h4
VPM	M710	4	single_ckpt	anchor_eeg__s4__h4	4	eeg	1	16	16	238	119	119	0.7442	0.6787	0.8039	0.6975	0.6387	0.7563	0.6975	0.7094	0.6000	0.7494	0.7059	0.4290	0.5000	0.6972	0.5000	0.5477	0.5000	0.9234	0.7479	nan	val_gen_auc_avg	M1079	${ORIGINAL_PROJECT}\outputs\v6_paper_VPM_M710_eeg_allh\diffusion\VPM\fold_M710\horizon_4\anchor_eeg__s4__h4
VPM	M710	4	ensemble	ensemble_5seed		eeg_emg_photo	5	16	80	238	119	119	0.7425	0.6781	0.8028	0.6681	0.6134	0.7269	0.6681	0.7445	0.7000	0.7494	0.7059	0.4290	0.5000	0.6972	0.5000	0.5477	0.5000	0.9234	0.7479			M1079	${ORIGINAL_PROJECT}\outputs\v6_paper_VPM_M710_allh\ensembles\VPM\fold_M710\horizon_4\eeg_emg_photo
VPM	M710	4	single_ckpt	anchor_vpm__s0__h4	0	eeg_emg_photo	1	16	16	238	119	119	0.7059	0.6424	0.7694	0.5924	0.5294	0.6513	0.5924	0.6963	0.6571	0.7494	0.7059	0.4290	0.5000	0.6972	0.5000	0.5477	0.5000	0.9234	0.7479	nan	val_gen_auc_avg	M1079	${ORIGINAL_PROJECT}\outputs\v6_paper_VPM_M710_allh\diffusion\VPM\fold_M710\horizon_4\anchor_vpm__s0__h4
VPM	M710	4	single_ckpt	anchor_vpm__s1__h4	1	eeg_emg_photo	1	16	16	238	119	119	0.7544	0.6918	0.8121	0.6975	0.6387	0.7563	0.6975	0.7298	0.6714	0.7494	0.7059	0.4290	0.5000	0.6972	0.5000	0.5477	0.5000	0.9234	0.7479	nan	val_gen_auc_avg	M1079	${ORIGINAL_PROJECT}\outputs\v6_paper_VPM_M710_allh\diffusion\VPM\fold_M710\horizon_4\anchor_vpm__s1__h4
VPM	M710	4	single_ckpt	anchor_vpm__s2__h4	2	eeg_emg_photo	1	16	16	238	119	119	0.6930	0.6301	0.7555	0.6303	0.5714	0.6892	0.6303	0.7592	0.7571	0.7494	0.7059	0.4290	0.5000	0.6972	0.5000	0.5477	0.5000	0.9234	0.7479	nan	val_gen_auc_avg	M1079	${ORIGINAL_PROJECT}\outputs\v6_paper_VPM_M710_allh\diffusion\VPM\fold_M710\horizon_4\anchor_vpm__s2__h4
VPM	M710	4	single_ckpt	anchor_vpm__s3__h4	3	eeg_emg_photo	1	16	16	238	119	119	0.7407	0.6699	0.8005	0.7437	0.6891	0.7941	0.7437	0.7510	0.5714	0.7494	0.7059	0.4290	0.5000	0.6972	0.5000	0.5477	0.5000	0.9234	0.7479	nan	val_gen_auc_avg	M1079	${ORIGINAL_PROJECT}\outputs\v6_paper_VPM_M710_allh\diffusion\VPM\fold_M710\horizon_4\anchor_vpm__s3__h4
VPM	M710	4	single_ckpt	anchor_vpm__s4__h4	4	eeg_emg_photo	1	16	16	238	119	119	0.7363	0.6721	0.7944	0.6765	0.6176	0.7311	0.6765	0.8147	0.7429	0.7494	0.7059	0.4290	0.5000	0.6972	0.5000	0.5477	0.5000	0.9234	0.7479	nan	val_gen_auc_avg	M1079	${ORIGINAL_PROJECT}\outputs\v6_paper_VPM_M710_allh\diffusion\VPM\fold_M710\horizon_4\anchor_vpm__s4__h4
VPM	M710	5	ensemble	ensemble_5seed		eeg	5	16	80	238	119	119	0.7233	0.6568	0.7877	0.6975	0.6386	0.7563	0.6975	0.8131	0.7143	0.7350	0.7017	0.5284	0.5000	0.6998	0.5000	0.5759	0.5000	0.9234	0.7479			M1079	${ORIGINAL_PROJECT}\outputs\v6_paper_VPM_M710_allh\ensembles\VPM\fold_M710\horizon_5\eeg
VPM	M710	5	single_ckpt	anchor_eeg__s0__h5	0	eeg	1	16	16	238	119	119	0.7210	0.6515	0.7841	0.6849	0.6218	0.7395	0.6849	0.7657	0.6429	0.7350	0.7017	0.5284	0.5000	0.6998	0.5000	0.5759	0.5000	0.9234	0.7479	nan	val_gen_auc_avg	M1079	${ORIGINAL_PROJECT}\outputs\v6_paper_VPM_M710_eeg_allh\diffusion\VPM\fold_M710\horizon_5\anchor_eeg__s0__h5
VPM	M710	5	single_ckpt	anchor_eeg__s1__h5	1	eeg	1	16	16	238	119	119	0.7036	0.6317	0.7727	0.6849	0.6261	0.7437	0.6849	0.7918	0.7143	0.7350	0.7017	0.5284	0.5000	0.6998	0.5000	0.5759	0.5000	0.9234	0.7479	nan	val_gen_auc_avg	M1079	${ORIGINAL_PROJECT}\outputs\v6_paper_VPM_M710_eeg_allh\diffusion\VPM\fold_M710\horizon_5\anchor_eeg__s1__h5
VPM	M710	5	single_ckpt	anchor_eeg__s2__h5	2	eeg	1	16	16	238	119	119	0.7259	0.6583	0.7873	0.6975	0.6386	0.7521	0.6975	0.7878	0.6714	0.7350	0.7017	0.5284	0.5000	0.6998	0.5000	0.5759	0.5000	0.9234	0.7479	nan	val_gen_auc_avg	M1079	${ORIGINAL_PROJECT}\outputs\v6_paper_VPM_M710_eeg_allh\diffusion\VPM\fold_M710\horizon_5\anchor_eeg__s2__h5
VPM	M710	5	single_ckpt	anchor_eeg__s3__h5	3	eeg	1	16	16	238	119	119	0.7181	0.6518	0.7808	0.6303	0.5714	0.6933	0.6303	0.8204	0.7429	0.7350	0.7017	0.5284	0.5000	0.6998	0.5000	0.5759	0.5000	0.9234	0.7479	nan	val_gen_auc_avg	M1079	${ORIGINAL_PROJECT}\outputs\v6_paper_VPM_M710_eeg_allh\diffusion\VPM\fold_M710\horizon_5\anchor_eeg__s3__h5
VPM	M710	5	single_ckpt	anchor_eeg__s4__h5	4	eeg	1	16	16	238	119	119	0.7168	0.6523	0.7809	0.6891	0.6303	0.7437	0.6891	0.7396	0.6571	0.7350	0.7017	0.5284	0.5000	0.6998	0.5000	0.5759	0.5000	0.9234	0.7479	nan	val_gen_auc_avg	M1079	${ORIGINAL_PROJECT}\outputs\v6_paper_VPM_M710_eeg_allh\diffusion\VPM\fold_M710\horizon_5\anchor_eeg__s4__h5
VPM	M710	5	ensemble	ensemble_5seed		eeg_emg_photo	5	16	80	238	119	119	0.6938	0.6274	0.7581	0.5924	0.5294	0.6513	0.5924	0.7731	0.7286	0.7350	0.7017	0.5284	0.5000	0.6998	0.5000	0.5759	0.5000	0.9234	0.7479			M1079	${ORIGINAL_PROJECT}\outputs\v6_paper_VPM_M710_allh\ensembles\VPM\fold_M710\horizon_5\eeg_emg_photo
VPM	M710	5	single_ckpt	anchor_vpm__s0__h5	0	eeg_emg_photo	1	16	16	238	119	119	0.6788	0.6097	0.7408	0.6050	0.5420	0.6640	0.6050	0.7290	0.6714	0.7350	0.7017	0.5284	0.5000	0.6998	0.5000	0.5759	0.5000	0.9234	0.7479	nan	val_gen_auc_avg	M1079	${ORIGINAL_PROJECT}\outputs\v6_paper_VPM_M710_allh\diffusion\VPM\fold_M710\horizon_5\anchor_vpm__s0__h5
VPM	M710	5	single_ckpt	anchor_vpm__s1__h5	1	eeg_emg_photo	1	16	16	238	119	119	0.6789	0.6091	0.7427	0.6176	0.5546	0.6765	0.6176	0.7837	0.6571	0.7350	0.7017	0.5284	0.5000	0.6998	0.5000	0.5759	0.5000	0.9234	0.7479	nan	val_gen_auc_avg	M1079	${ORIGINAL_PROJECT}\outputs\v6_paper_VPM_M710_allh\diffusion\VPM\fold_M710\horizon_5\anchor_vpm__s1__h5
VPM	M710	5	single_ckpt	anchor_vpm__s2__h5	2	eeg_emg_photo	1	16	16	238	119	119	0.6775	0.6046	0.7439	0.5252	0.4580	0.5840	0.5252	0.7469	0.7286	0.7350	0.7017	0.5284	0.5000	0.6998	0.5000	0.5759	0.5000	0.9234	0.7479	nan	val_gen_auc_avg	M1079	${ORIGINAL_PROJECT}\outputs\v6_paper_VPM_M710_allh\diffusion\VPM\fold_M710\horizon_5\anchor_vpm__s2__h5
VPM	M710	5	single_ckpt	anchor_vpm__s3__h5	3	eeg_emg_photo	1	16	16	238	119	119	0.6997	0.6326	0.7614	0.5798	0.5168	0.6429	0.5798	0.7510	0.7286	0.7350	0.7017	0.5284	0.5000	0.6998	0.5000	0.5759	0.5000	0.9234	0.7479	nan	val_gen_auc_avg	M1079	${ORIGINAL_PROJECT}\outputs\v6_paper_VPM_M710_allh\diffusion\VPM\fold_M710\horizon_5\anchor_vpm__s3__h5
VPM	M710	5	single_ckpt	anchor_vpm__s4__h5	4	eeg_emg_photo	1	16	16	238	119	119	0.7028	0.6383	0.7666	0.6176	0.5546	0.6766	0.6176	0.7478	0.7000	0.7350	0.7017	0.5284	0.5000	0.6998	0.5000	0.5759	0.5000	0.9234	0.7479	nan	val_gen_auc_avg	M1079	${ORIGINAL_PROJECT}\outputs\v6_paper_VPM_M710_allh\diffusion\VPM\fold_M710\horizon_5\anchor_vpm__s4__h5
