region	fold	horizon_idx	diffusion_modality	run_name	seed	saved_best_epoch	saved_final_eval_test_auc	saved_best_metric	best_model_exists	final_model_exists	source_dir	best_val_auc_epoch	best_val_auc	test_auc_at_best_val_auc	condition_gap_at_best_val_auc	best_test_auc_epoch	best_test_auc_diagnostic_only	val_auc_at_best_test_auc
VPM	M710	0	eeg	anchor_eeg__s0__h0	0.0	160	0.7418967587034814	val_gen_auc_avg	True	True	${ORIGINAL_PROJECT}\outputs\v6_paper_VPM_M710_eeg_allh\diffusion\VPM\fold_M710\horizon_0\anchor_eeg__s0__h0	160	0.866939	0.717534	0.236735	140	0.744298	0.813061
VPM	M710	0	eeg	anchor_eeg__s1__h0	1.0	180	0.7340583292140387	val_gen_auc_avg	True	True	${ORIGINAL_PROJECT}\outputs\v6_paper_VPM_M710_eeg_allh\diffusion\VPM\fold_M710\horizon_0\anchor_eeg__s1__h0	180	0.933061	0.687805	0.377143	120	0.72968	0.85551
VPM	M710	0	eeg	anchor_eeg__s2__h0	2.0	200	0.7142150978038273	val_gen_auc_avg	True	True	${ORIGINAL_PROJECT}\outputs\v6_paper_VPM_M710_eeg_allh\diffusion\VPM\fold_M710\horizon_0\anchor_eeg__s2__h0	200	0.886531	0.714286	0.262857	140	0.733564	0.870204
VPM	M710	0	eeg	anchor_eeg__s3__h0	3.0	180	0.7485347080008474	val_gen_auc_avg	True	True	${ORIGINAL_PROJECT}\outputs\v6_paper_VPM_M710_eeg_allh\diffusion\VPM\fold_M710\horizon_0\anchor_eeg__s3__h0	180	0.955102	0.720994	0.29551	160	0.754184	0.941224
VPM	M710	0	eeg	anchor_eeg__s4__h0	4.0	140	0.7454981992797118	val_gen_auc_avg	True	True	${ORIGINAL_PROJECT}\outputs\v6_paper_VPM_M710_eeg_allh\diffusion\VPM\fold_M710\horizon_0\anchor_eeg__s4__h0	140	0.857143	0.724808	0.086531	100	0.768307	0.793469
VPM	M710	0	eeg_emg_photo	anchor_vpm__s0__h0	0.0	80	0.78031212484994	val_gen_auc_avg	True	True	${ORIGINAL_PROJECT}\outputs\v6_paper_VPM_M710_allh\diffusion\VPM\fold_M710\horizon_0\anchor_vpm__s0__h0	80	0.933878	0.78123	0.125714	180	0.799661	0.845714
VPM	M710	0	eeg_emg_photo	anchor_vpm__s1__h0	1.0	240	0.7557375891533084	val_gen_auc_avg	True	True	${ORIGINAL_PROJECT}\outputs\v6_paper_VPM_M710_allh\diffusion\VPM\fold_M710\horizon_0\anchor_vpm__s1__h0	240	0.884898	0.719794	0.311837	140	0.765059	0.66449
VPM	M710	0	eeg_emg_photo	anchor_vpm__s2__h0	2.0	280	0.7372360708989477	val_gen_auc_avg	True	True	${ORIGINAL_PROJECT}\outputs\v6_paper_VPM_M710_allh\diffusion\VPM\fold_M710\horizon_0\anchor_vpm__s2__h0	280	0.882449	0.740414	0.137143	240	0.761387	0.876735
VPM	M710	0	eeg_emg_photo	anchor_vpm__s3__h0	3.0	300	0.74599251465292	val_gen_auc_avg	True	True	${ORIGINAL_PROJECT}\outputs\v6_paper_VPM_M710_allh\diffusion\VPM\fold_M710\horizon_0\anchor_vpm__s3__h0	300	0.927347	0.732646	0.328163	180	0.775793	0.715918
VPM	M710	0	eeg_emg_photo	anchor_vpm__s4__h0	4.0	280	0.7525598474683991	val_gen_auc_avg	True	True	${ORIGINAL_PROJECT}\outputs\v6_paper_VPM_M710_allh\diffusion\VPM\fold_M710\horizon_0\anchor_vpm__s4__h0	280	0.831837	0.736106	0.315918	140	0.791187	0.804082
VPM	M710	1	eeg	anchor_eeg__s0__h1	0.0	260	0.7438034037144269	val_gen_auc_avg	True	True	${ORIGINAL_PROJECT}\outputs\v6_paper_VPM_M710_eeg_allh\diffusion\VPM\fold_M710\horizon_1\anchor_eeg__s0__h1	260	0.813878	0.727562	0.189388	200	0.781513	0.800816
VPM	M710	1	eeg	anchor_eeg__s1__h1	1.0	300	0.7517124496857567	val_gen_auc_avg	True	True	${ORIGINAL_PROJECT}\outputs\v6_paper_VPM_M710_eeg_allh\diffusion\VPM\fold_M710\horizon_1\anchor_eeg__s1__h1	300	0.81551	0.731869	0.35102	260	0.760681	0.8
VPM	M710	1	eeg	anchor_eeg__s2__h1	2.0	300	0.7558082056351952	val_gen_auc_avg	True	True	${ORIGINAL_PROJECT}\outputs\v6_paper_VPM_M710_eeg_allh\diffusion\VPM\fold_M710\horizon_1\anchor_eeg__s2__h1	300	0.732245	0.772262	0.178776	300	0.772262	0.732245
VPM	M710	1	eeg	anchor_eeg__s3__h1	3.0	240	0.7718381470235153	val_gen_auc_avg	True	True	${ORIGINAL_PROJECT}\outputs\v6_paper_VPM_M710_eeg_allh\diffusion\VPM\fold_M710\horizon_1\anchor_eeg__s3__h1	240	0.857143	0.773533	0.196735	180	0.793306	0.763265
VPM	M710	1	eeg	anchor_eeg__s4__h1	4.0	140	0.7370948379351742	val_gen_auc_avg	True	True	${ORIGINAL_PROJECT}\outputs\v6_paper_VPM_M710_eeg_allh\diffusion\VPM\fold_M710\horizon_1\anchor_eeg__s4__h1	140	0.83102	0.74232	0.137143	220	0.769578	0.702857
VPM	M710	1	eeg_emg_photo	anchor_vpm__s0__h1	0.0	180	0.7359649742249841	val_gen_auc_avg	True	True	${ORIGINAL_PROJECT}\outputs\v6_paper_VPM_M710_allh\diffusion\VPM\fold_M710\horizon_1\anchor_vpm__s0__h1	180	0.804898	0.737942	0.226939	180	0.737942	0.804898
VPM	M710	1	eeg_emg_photo	anchor_vpm__s1__h1	1.0	80	0.713862015394393	val_gen_auc_avg	True	True	${ORIGINAL_PROJECT}\outputs\v6_paper_VPM_M710_allh\diffusion\VPM\fold_M710\horizon_1\anchor_vpm__s1__h1	80	0.910204	0.691618	0.130612	140	0.710684	0.666939
VPM	M710	1	eeg_emg_photo	anchor_vpm__s2__h1	2.0	140	0.7214179789562883	val_gen_auc_avg	True	True	${ORIGINAL_PROJECT}\outputs\v6_paper_VPM_M710_allh\diffusion\VPM\fold_M710\horizon_1\anchor_vpm__s2__h1	140	0.834286	0.70786	0.101224	120	0.755667	0.819592
VPM	M710	1	eeg_emg_photo	anchor_vpm__s3__h1	3.0	240	0.6962785114045618	val_gen_auc_avg	True	True	${ORIGINAL_PROJECT}\outputs\v6_paper_VPM_M710_allh\diffusion\VPM\fold_M710\horizon_1\anchor_vpm__s3__h1	240	0.733061	0.694442	0.137143	120	0.741967	0.654694
VPM	M710	1	eeg_emg_photo	anchor_vpm__s4__h1	4.0	220	0.6896405621071957	val_gen_auc_avg	True	True	${ORIGINAL_PROJECT}\outputs\v6_paper_VPM_M710_allh\diffusion\VPM\fold_M710\horizon_1\anchor_vpm__s4__h1	220	0.857143	0.685827	0.257959	140	0.720994	0.737143
VPM	M710	2	eeg	anchor_eeg__s0__h2	0.0	260	0.7516418332038697	val_gen_auc_avg	True	True	${ORIGINAL_PROJECT}\outputs\v6_paper_VPM_M710_eeg_allh\diffusion\VPM\fold_M710\horizon_2\anchor_eeg__s0__h2	260	0.825306	0.710049	0.361633	220	0.767319	0.813878
VPM	M710	2	eeg	anchor_eeg__s1__h2	1.0	240	0.7582797825012357	val_gen_auc_avg	True	True	${ORIGINAL_PROJECT}\outputs\v6_paper_VPM_M710_eeg_allh\diffusion\VPM\fold_M710\horizon_2\anchor_eeg__s1__h2	240	0.820408	0.719864	0.120816	220	0.75941	0.692245
VPM	M710	2	eeg	anchor_eeg__s2__h2	2.0	200	0.7411905938846127	val_gen_auc_avg	True	True	${ORIGINAL_PROJECT}\outputs\v6_paper_VPM_M710_eeg_allh\diffusion\VPM\fold_M710\horizon_2\anchor_eeg__s2__h2	200	0.852245	0.745357	0.300408	160	0.757785	0.83102
VPM	M710	2	eeg	anchor_eeg__s3__h2	3.0	200	0.749311489301603	val_gen_auc_avg	True	True	${ORIGINAL_PROJECT}\outputs\v6_paper_VPM_M710_eeg_allh\diffusion\VPM\fold_M710\horizon_2\anchor_eeg__s3__h2	200	0.858776	0.755314	0.10449	200	0.755314	0.858776
VPM	M710	2	eeg	anchor_eeg__s4__h2	4.0	240	0.7168985241155286	val_gen_auc_avg	True	True	${ORIGINAL_PROJECT}\outputs\v6_paper_VPM_M710_eeg_allh\diffusion\VPM\fold_M710\horizon_2\anchor_eeg__s4__h2	240	0.833469	0.7068	0.337143	160	0.759833	0.715918
VPM	M710	2	eeg_emg_photo	anchor_vpm__s0__h2	0.0	100	0.7101193418543889	val_gen_auc_avg	True	True	${ORIGINAL_PROJECT}\outputs\v6_paper_VPM_M710_allh\diffusion\VPM\fold_M710\horizon_2\anchor_vpm__s0__h2	100	0.760816	0.687522	0.040816	300	0.718664	0.654694
VPM	M710	2	eeg_emg_photo	anchor_vpm__s1__h2	1.0	280	0.7170397570793025	val_gen_auc_avg	True	True	${ORIGINAL_PROJECT}\outputs\v6_paper_VPM_M710_allh\diffusion\VPM\fold_M710\horizon_2\anchor_vpm__s1__h2	280	0.817143	0.666196	0.217143	140	0.730245	0.701224
VPM	M710	2	eeg_emg_photo	anchor_vpm__s2__h2	2.0	80	0.7519242991314173	val_gen_auc_avg	True	True	${ORIGINAL_PROJECT}\outputs\v6_paper_VPM_M710_allh\diffusion\VPM\fold_M710\horizon_2\anchor_vpm__s2__h2	80	0.823673	0.726997	-0.009796	140	0.739425	0.728163
VPM	M710	2	eeg_emg_photo	anchor_vpm__s3__h2	3.0	200	0.7433797048231057	val_gen_auc_avg	True	True	${ORIGINAL_PROJECT}\outputs\v6_paper_VPM_M710_allh\diffusion\VPM\fold_M710\horizon_2\anchor_vpm__s3__h2	200	0.841633	0.721842	0.299592	220	0.740484	0.755918
VPM	M710	2	eeg_emg_photo	anchor_vpm__s4__h2	4.0	220	0.7497351881929243	val_gen_auc_avg	True	True	${ORIGINAL_PROJECT}\outputs\v6_paper_VPM_M710_allh\diffusion\VPM\fold_M710\horizon_2\anchor_vpm__s4__h2	220	0.773878	0.751148	0.204082	140	0.759057	0.709388
VPM	M710	3	eeg	anchor_eeg__s0__h3	0.0	280	0.7130852340936376	val_gen_auc_avg	True	True	${ORIGINAL_PROJECT}\outputs\v6_paper_VPM_M710_eeg_allh\diffusion\VPM\fold_M710\horizon_3\anchor_eeg__s0__h3	280	0.812245	0.716263	0.107755	240	0.753266	0.727347
VPM	M710	3	eeg	anchor_eeg__s1__h3	1.0	240	0.7583503989831226	val_gen_auc_avg	True	True	${ORIGINAL_PROJECT}\outputs\v6_paper_VPM_M710_eeg_allh\diffusion\VPM\fold_M710\horizon_3\anchor_eeg__s1__h3	240	0.772245	0.736318	0.219592	260	0.772756	0.731429
VPM	M710	3	eeg	anchor_eeg__s2__h3	2.0	220	0.7305981216015818	val_gen_auc_avg	True	True	${ORIGINAL_PROJECT}\outputs\v6_paper_VPM_M710_eeg_allh\diffusion\VPM\fold_M710\horizon_3\anchor_eeg__s2__h3	220	0.768163	0.729609	0.16898	260	0.745781	0.672653
VPM	M710	3	eeg	anchor_eeg__s3__h3	3.0	200	0.7503001200480193	val_gen_auc_avg	True	True	${ORIGINAL_PROJECT}\outputs\v6_paper_VPM_M710_eeg_allh\diffusion\VPM\fold_M710\horizon_3\anchor_eeg__s3__h3	200	0.782857	0.733705	0.087347	180	0.749382	0.705306
VPM	M710	3	eeg	anchor_eeg__s4__h3	4.0	220	0.7546077254431184	val_gen_auc_avg	True	True	${ORIGINAL_PROJECT}\outputs\v6_paper_VPM_M710_eeg_allh\diffusion\VPM\fold_M710\horizon_3\anchor_eeg__s4__h3	220	0.835918	0.751218	0.177959	220	0.751218	0.835918
VPM	M710	3	eeg_emg_photo	anchor_vpm__s0__h3	0.0	260	0.7168985241155287	val_gen_auc_avg	True	True	${ORIGINAL_PROJECT}\outputs\v6_paper_VPM_M710_allh\diffusion\VPM\fold_M710\horizon_3\anchor_vpm__s0__h3	260	0.813878	0.710119	0.271837	240	0.735188	0.789388
VPM	M710	3	eeg_emg_photo	anchor_vpm__s1__h3	1.0	200	0.7080714638796697	val_gen_auc_avg	True	True	${ORIGINAL_PROJECT}\outputs\v6_paper_VPM_M710_allh\diffusion\VPM\fold_M710\horizon_3\anchor_vpm__s1__h3	200	0.809796	0.686251	0.14449	120	0.736671	0.75102
VPM	M710	3	eeg_emg_photo	anchor_vpm__s2__h3	2.0	140	0.6782006920415226	val_gen_auc_avg	True	True	${ORIGINAL_PROJECT}\outputs\v6_paper_VPM_M710_allh\diffusion\VPM\fold_M710\horizon_3\anchor_vpm__s2__h3	140	0.781224	0.625944	0.21551	300	0.723113	0.755102
VPM	M710	3	eeg_emg_photo	anchor_vpm__s3__h3	3.0	260	0.6826495304003954	val_gen_auc_avg	True	True	${ORIGINAL_PROJECT}\outputs\v6_paper_VPM_M710_allh\diffusion\VPM\fold_M710\horizon_3\anchor_vpm__s3__h3	260	0.782041	0.688299	0.109388	160	0.707224	0.59102
VPM	M710	3	eeg_emg_photo	anchor_vpm__s4__h3	4.0	120	0.7070122166513664	val_gen_auc_avg	True	True	${ORIGINAL_PROJECT}\outputs\v6_paper_VPM_M710_allh\diffusion\VPM\fold_M710\horizon_3\anchor_vpm__s4__h3	120	0.753469	0.675164	-0.022041	200	0.712238	0.680816
VPM	M710	4	eeg	anchor_eeg__s0__h4	0.0	140	0.7547489584068922	val_gen_auc_avg	True	True	${ORIGINAL_PROJECT}\outputs\v6_paper_VPM_M710_eeg_allh\diffusion\VPM\fold_M710\horizon_4\anchor_eeg__s0__h4	140	0.77551	0.751218	0.16	220	0.761881	0.680816
VPM	M710	4	eeg	anchor_eeg__s1__h4	1.0	220	0.7340583292140386	val_gen_auc_avg	True	True	${ORIGINAL_PROJECT}\outputs\v6_paper_VPM_M710_eeg_allh\diffusion\VPM\fold_M710\horizon_4\anchor_eeg__s1__h4	220	0.806531	0.729539	0.102041	120	0.75256	0.752653
VPM	M710	4	eeg	anchor_eeg__s2__h4	2.0	120	0.7560200550808558	val_gen_auc_avg	True	True	${ORIGINAL_PROJECT}\outputs\v6_paper_VPM_M710_eeg_allh\diffusion\VPM\fold_M710\horizon_4\anchor_eeg__s2__h4	120	0.742041	0.734764	0.275918	160	0.742038	0.718367
VPM	M710	4	eeg	anchor_eeg__s3__h4	3.0	120	0.7572911517548195	val_gen_auc_avg	True	True	${ORIGINAL_PROJECT}\outputs\v6_paper_VPM_M710_eeg_allh\diffusion\VPM\fold_M710\horizon_4\anchor_eeg__s3__h4	120	0.811429	0.749029	0.194286	80	0.783631	0.71102
VPM	M710	4	eeg	anchor_eeg__s4__h4	4.0	200	0.7441564861238613	val_gen_auc_avg	True	True	${ORIGINAL_PROJECT}\outputs\v6_paper_VPM_M710_eeg_allh\diffusion\VPM\fold_M710\horizon_4\anchor_eeg__s4__h4	200	0.74449	0.748676	0.146122	140	0.761175	0.611429
VPM	M710	4	eeg_emg_photo	anchor_vpm__s0__h4	0.0	220	0.7058823529411764	val_gen_auc_avg	True	True	${ORIGINAL_PROJECT}\outputs\v6_paper_VPM_M710_allh\diffusion\VPM\fold_M710\horizon_4\anchor_vpm__s0__h4	220	0.772245	0.732646	0.166531	220	0.732646	0.772245
VPM	M710	4	eeg_emg_photo	anchor_vpm__s1__h4	1.0	120	0.7543958759974578	val_gen_auc_avg	True	True	${ORIGINAL_PROJECT}\outputs\v6_paper_VPM_M710_allh\diffusion\VPM\fold_M710\horizon_4\anchor_vpm__s1__h4	120	0.756735	0.754678	0.157551	200	0.755385	0.749388
VPM	M710	4	eeg_emg_photo	anchor_vpm__s2__h4	2.0	220	0.6929595367558787	val_gen_auc_avg	True	True	${ORIGINAL_PROJECT}\outputs\v6_paper_VPM_M710_allh\diffusion\VPM\fold_M710\horizon_4\anchor_vpm__s2__h4	220	0.782857	0.684415	0.198367	140	0.735259	0.680816
VPM	M710	4	eeg_emg_photo	anchor_vpm__s3__h4	3.0	80	0.7406962785114046	val_gen_auc_avg	True	True	${ORIGINAL_PROJECT}\outputs\v6_paper_VPM_M710_allh\diffusion\VPM\fold_M710\horizon_4\anchor_vpm__s3__h4	80	0.76898	0.743945	0.122449	120	0.744227	0.69551
VPM	M710	4	eeg_emg_photo	anchor_vpm__s4__h4	4.0	240	0.7363180566344185	val_gen_auc_avg	True	True	${ORIGINAL_PROJECT}\outputs\v6_paper_VPM_M710_allh\diffusion\VPM\fold_M710\horizon_4\anchor_vpm__s4__h4	240	0.827755	0.687805	0.263673	80	0.736459	0.669388
VPM	M710	5	eeg	anchor_eeg__s0__h5	0.0	180	0.7209942800649671	val_gen_auc_avg	True	True	${ORIGINAL_PROJECT}\outputs\v6_paper_VPM_M710_eeg_allh\diffusion\VPM\fold_M710\horizon_5\anchor_eeg__s0__h5	180	0.762449	0.70221	0.198367	140	0.745851	0.644898
VPM	M710	5	eeg	anchor_eeg__s1__h5	1.0	280	0.7035520090389097	val_gen_auc_avg	True	True	${ORIGINAL_PROJECT}\outputs\v6_paper_VPM_M710_eeg_allh\diffusion\VPM\fold_M710\horizon_5\anchor_eeg__s1__h5	280	0.854694	0.705529	0.054694	160	0.743168	0.702857
VPM	M710	5	eeg	anchor_eeg__s2__h5	2.0	280	0.7259374337970482	val_gen_auc_avg	True	True	${ORIGINAL_PROJECT}\outputs\v6_paper_VPM_M710_eeg_allh\diffusion\VPM\fold_M710\horizon_5\anchor_eeg__s2__h5	280	0.802449	0.730245	0.186122	180	0.743097	0.754286
VPM	M710	5	eeg	anchor_eeg__s3__h5	3.0	220	0.7180990043076054	val_gen_auc_avg	True	True	${ORIGINAL_PROJECT}\outputs\v6_paper_VPM_M710_eeg_allh\diffusion\VPM\fold_M710\horizon_5\anchor_eeg__s3__h5	220	0.839184	0.696137	0.235102	160	0.737165	0.746122
VPM	M710	5	eeg	anchor_eeg__s4__h5	4.0	300	0.7168279076336417	val_gen_auc_avg	True	True	${ORIGINAL_PROJECT}\outputs\v6_paper_VPM_M710_eeg_allh\diffusion\VPM\fold_M710\horizon_5\anchor_eeg__s4__h5	300	0.754286	0.71937	0.105306	160	0.748605	0.714286
VPM	M710	5	eeg_emg_photo	anchor_vpm__s0__h5	0.0	220	0.6787656238966175	val_gen_auc_avg	True	True	${ORIGINAL_PROJECT}\outputs\v6_paper_VPM_M710_allh\diffusion\VPM\fold_M710\horizon_5\anchor_vpm__s0__h5	220	0.821224	0.668526	0.082449	240	0.688087	0.749388
VPM	M710	5	eeg_emg_photo	anchor_vpm__s1__h5	1.0	280	0.6789068568603912	val_gen_auc_avg	True	True	${ORIGINAL_PROJECT}\outputs\v6_paper_VPM_M710_allh\diffusion\VPM\fold_M710\horizon_5\anchor_vpm__s1__h5	280	0.8	0.671775	0.059592	140	0.712308	0.780408
VPM	M710	5	eeg_emg_photo	anchor_vpm__s2__h5	2.0	280	0.6774945272226538	val_gen_auc_avg	True	True	${ORIGINAL_PROJECT}\outputs\v6_paper_VPM_M710_allh\diffusion\VPM\fold_M710\horizon_5\anchor_vpm__s2__h5	280	0.777959	0.636043	0.244898	200	0.692889	0.748571
VPM	M710	5	eeg_emg_photo	anchor_vpm__s3__h5	3.0	260	0.6997387190170187	val_gen_auc_avg	True	True	${ORIGINAL_PROJECT}\outputs\v6_paper_VPM_M710_allh\diffusion\VPM\fold_M710\horizon_5\anchor_vpm__s3__h5	260	0.844898	0.68039	0.297143	80	0.705882	0.761633
VPM	M710	5	eeg_emg_photo	anchor_vpm__s4__h5	4.0	200	0.702775227738154	val_gen_auc_avg	True	True	${ORIGINAL_PROJECT}\outputs\v6_paper_VPM_M710_allh\diffusion\VPM\fold_M710\horizon_5\anchor_vpm__s4__h5	200	0.826122	0.707436	0.244082	120	0.720076	0.755918
